sequence,label,sample_id
VAGTW,0,735
PIW,0,747
RG,0,840
VVYPW,1,13
GVPKVKETMVPKH,0,602
YNKL,1,289
THIKWGD,1,393
GY,0,698
YVP,0,591
TCSP,0,715
MLPVY,1,134
APGAPGPVG,1,260
PVQ,0,985
HIK,0,937
VMP,1,328
LRW,1,9
GFYPPP,1,344
MGP,0,397
AYFYPEL,1,160
YKY,1,379
QNILP,0,989
NKL,0,474
GG,0,894
GPSMR,0,632
TTN,0,772
RYLG,0,604
LSPA,0,655
QLGP,0,652
LVR,1,245
WQVLPNAVPAK,1,209
QSGP,0,569
LK,0,957
FCF,1,218
YQKFPQY,1,282
GTEKC,0,424
QPQAFP,0,752
DILN,0,558
QLLKLK,0,668
AQTQSLVYP,0,453
FRC,1,169
GS,0,837
LW,1,167
PQR,0,779
VKP,1,100
PQTLALP,0,507
PAVVRP,1,268
QLLLQQ,0,450
LHLYLP,1,274
PLIYP,1,116
CF,1,56
LEGR,0,833
PVNNPQIH,0,595
GPPGTDGAP,1,214
LAP,1,95
PSSNK,0,530
MLPAY,1,201
KTEIPTIN,0,954
DKVGINYW,1,313
NLHLP,0,704
LTGP,0,534
FDK,0,692
VRF,1,35
TPTQQS,0,446
VQV,1,189
VYPFPGPI,0,642
HSGIQSEPKAIP,0,942
VPPLYPN,1,287
GDLGKTTTVSNWSPPKYKDTP,1,223
GRPR,0,720
YSQQQQ,0,808
VKK,0,415
DM,0,749
ALPMHIR,1,375
HDHM,0,630
LKP,1,12
FFGRCVSP,1,151
DTW,0,621
IWHHTF,1,76
GVPKVKETMVPK,0,686
YLGY,1,373
IKPLDY,1,376
LNVPGEIVE,0,644
KRQKYDI,1,317
EPR,0,921
IGDEPLANYL,0,427
DELQDKIHPFAQTQSLVYPFPGPIPNS,1,105
VLRP,1,28
VVYPWTQRF,1,137
LHLP,0,700
YG,0,848
TYLGS,1,27
ENLLRFFVAPFPEVFG,0,615
LNENLLRFFVAPFPEVFG,0,634
GLYP,0,582
ER,0,770
PAQK,0,495
VTPALR,1,240
WA,0,631
NLHLPLP,0,394
AVPYP,0,459
YKWLP,1,264
NKPGDML,0,970
VLVPK,0,682
IPAIN,0,711
PAP,0,472
TQVY,1,271
WHHTF,1,388
YLYEIAR,1,259
LY,1,156
LRY,1,130
IWH,1,94
HWTTQR,0,851
FQPQPLIYP,1,49
LGFPTTKTYFPHF,1,126
LNVVGETVE,0,960
LKVGVKQY,1,221
QVSLNSGYY,1,299
DIGP,0,586
GR,0,564
IRPVQ,1,38
TVY,1,253
EAPPK,0,916
DF,0,677
VYRT,1,6
GVGAGY,1,109
TQPKTNAIPY,0,877
SF,0,532
IVGRPRHQG,1,153
VMDKPQG,1,366
ALPH,0,852
NVR,0,971
ESIINF,0,923
KDERF,0,804
KVLILA,1,284
RMLGQ,0,675
AYFTPE,0,503
YQEPVL,0,636
SKVYP,1,39
SAPLRVY,1,177
GHG,0,520
CFCTKPC,1,36
WVPSVY,1,315
HQIYP,0,506
NMAINPSK,0,418
RELEEL,0,993
PDLVF,0,469
EAP,0,697
PP,0,980
MCESASSK,0,451
VLSRYP,1,358
TGPIPNSLPQ,0,1001
RGY,0,425
PRVF,0,508
HA,0,934
PPK,0,981
GVW,0,629
VAPFPEVF,0,681
WL,1,208
VVGP,0,489
SWSF,0,454
HIKW,0,938
ENLHLP,0,920
AF,0,603
FEDYVPLSCF,1,217
NIFYCP,1,251
PFPE,0,976
ENLHLPLP,0,557
LTQTPVVVPP,0,562
QSLTL,0,990
VGPR,0,1005
GEGSGA,0,514
LGI,0,760
VIY,1,249
LTF,1,79
VRP,1,69
WT,0,598
TVPY,1,62
GVYPH,0,865
FFL,1,359
IIAEK,0,428
HQAAGW,0,417
AR,0,488
PANIKWGD,1,341
ITMIAPSAF,1,90
SGP,0,457
VYPHK,1,122
KLEK,0,952
VAE,0,903
FPEVFGK,0,540
RPKH,0,997
VWY,1,196
PSY,1,256
PYP,0,600
RALP,0,767
VAP,1,63
AH,0,401
TPCPPQ,0,592
AVVRP,0,447
VYNEGLPAP,0,872
PTHVAW,1,41
PGR,0,977
DLQGK,0,914
PG,0,901
MMVPI,0,966
IRPV,1,340
PVPQP,0,509
QAFP,0,986
LASPTM,0,405
VVCVPW,1,110
GLPGSRGERGLPG,0,420
LALR,0,843
FQKVVAK,1,65
FVEPIP,0,926
RF,0,481
MM,0,736
VPQP,0,1011
SALAM,0,606
PSGQYY,0,669
LLMLDNDLPP,1,354
YQNPRLGPTGELDPATQPIVAVHNPVIV,1,247
KGLWE,0,950
TTENVLFG,0,875
AVPYPQR,1,250
QVTSTAV,0,991
QGP,0,550
VLPF,1,139
PTHIAW,1,15
ENGLPVHLDQSIFRRP,0,577
RELKDL,0,994
VAA,1,235
GHP,0,835
ESI,0,922
IYPR,1,205
APER,0,583
SVAKLE,0,858
DAQSAPLRVY,1,227
NIIPA,0,969
VFKAF,0,498
WIHNENQGF,0,1014
CVTPALR,1,351
AGLAPY,0,907
ERYL,0,593
IL,0,406
NLHLPLPLL,1,252
HERDPTHIKWGD,1,175
KVHSSIQSQPQAFT,0,826
VELYP,1,132
DLGP,0,549
PRKEKLCTTS,0,542
KLYMRP,1,157
GPPGAIGP,0,547
AFL,0,429
GKKVLQ,1,54
FRADHPFL,1,88
GLDIQK,0,745
HANENIF,0,936
TVGMTAKF,1,335
VQVTSTAV,0,1012
RPK,0,479
PTHIDW,1,234
KWLP,1,129
LKPNM,1,73
APSAK,0,659
PTHIKWGD,1,29
FQKVVAG,1,171
AG,0,864
PL,0,665
VTR,0,537
LVL,1,228
LIPPGVPY,1,266
LLMPK,0,776
PQAFP,0,645
VAY,1,257
PAAPPK,0,972
APVPP,0,755
VM,0,518
VWDPPKFD,1,194
WYSLAM,0,409
GFR,0,485
IFVPA,1,103
MILLLFR,1,5
EMPFPK,0,705
PTPVP,0,984
IKY,1,348
HIRL,0,836
VVVPPF,0,1013
HPFAQTQSLVYP,1,316
VDF,1,162
QLGFLGPR,0,548
KAAAAP,1,278
LVYPFTGPIPN,1,323
RS,0,421
GTW,0,718
GQ,0,890
AIP,0,771
YH,1,381
HG,0,885
FVP,1,210
ACHP,0,680
QK,0,812
KDVPP,0,841
STYQT,0,648
FL,1,37
GD,0,896
MNP,0,434
LAPSLPGKPKPD,1,57
QEVLP,0,988
LHLPYP,1,70
VSP,1,207
VSW,1,301
TKVIP,0,695
KVLAGM,1,332
RLSGQTIEVTSEYLFRH,0,832
IETWNPNNQ,0,442
ALNEINQFY,0,599
RYLGY,1,24
AQK,0,853
AKLEK,0,725
ASP,0,611
LRP,1,10
YKLRP,1,262
GVYPHK,1,42
AKYCY,1,280
IELPLG,0,443
KKPTHIKWGD,1,176
FWN,1,273
ALNEINQFYQK,0,625
LAHKAL,0,754
AWPF,1,272
VDSDVVKG,1,237
LHLPLR,1,52
VTGRFAGHPAAQ,1,298
IEW,0,502
IPF,1,190
VLPIPQ,0,882
PKIDAMREKVLA,0,501
AYPS,0,912
KPGRP,0,436
LLRH,0,651
IAV,0,556
HHT,0,799
RADHP,0,620
VLAQYK,1,345
VYAPFE,0,452
AAATPL,0,905
DKIHP,0,512
YGFLP,0,624
PYKWLP,1,135
WYSLAMA,0,416
VADVYVGK,1,82
LAMA,0,831
FNE,0,666
APP,0,619
NAGPFTPTVNREQLSTS,0,967
PYVRYL,1,74
GAPGPAGPGGIPGERG,1,386
LYPVK,1,119
LLNP,0,958
ASYDTKFE,0,911
CWLPVY,1,296
LQP,1,68
AFVGYVLP,1,269
PYK,0,860
PFFDPQIP,0,701
MAIPPKK,0,880
QPIP,0,807
SKVLPVPE,0,482
IYPRY,1,182
LVY,1,142
VLDTDYK,0,822
VKKVLGNP,1,326
AGLP,0,908
QSLVYP,1,371
TYCQ,1,72
YPSFQPQPLIYP,1,125
LNPPHQIYP,1,312
VYAP,1,150
FSDKIAK,0,513
MKG,1,303
LGECGGR,0,608
TGPIPN,0,658
YPGIA,0,1017
LMGP,0,687
RGLSK,0,473
SQPK,0,674
VPSERYL,0,613
FALPQYLK,1,114
PPEIN,0,731
FVAPFPEV,0,722
EPKAIP,0,688
HQG,0,793
SHP,0,635
YPIL,0,1018
SIQSQPQAFP,0,741
LNPA,0,653
VVGAK,1,33
ALPM,0,819
CVL,1,166
WPEAAELMMEVDP,1,290
SVY,1,179
DLTDY,0,543
DP,1,66
PLFPK,0,483
RPQIPP,0,568
EPVLGPVRGPFP,0,538
FSY,1,67
GPAGAPGAA,1,360
QP,0,748
VHLPPP,0,590
MKY,1,170
PQEVLP,0,817
ENGLPVHLDQSIFR,0,581
GGLEPI,0,929
LKY,1,211
NENLLRFFVAPFPEVFG,0,407
PGPLGLTGP,0,486
LLNPPHQIYP,1,197
TGGGNV,0,724
EEYPDL,0,917
LRPVAA,1,111
VVG,0,902
LPYPY,1,327
PHA,0,978
HLPLP,1,369
IPALLKR,1,378
MG,0,881
IVY,1,18
LAIPVNKP,0,438
LG,0,895
LEE,0,493
LKLP,0,683
SPRCR,1,372
AWW,1,159
HIR,0,824
YGGVSLPEW,1,258
IHPFAQTQSLVYP,1,275
NLAG,0,663
VSLPEW,0,411
YYA,0,870
MA,0,553
VVYPWTQ,1,97
KFY,1,385
YKVPQL,1,295
AYFYPELF,1,161
NIPPLTQTPV,0,572
YGL,0,699
GQVPP,0,679
NP,0,859
VHW,1,30
GW,0,515
QIGP,0,587
YY,0,775
LPPPVH,0,962
IKP,1,48
ELIN,0,919
MIPAY,1,187
FAQTQSLVYP,1,309
AVF,0,846
AGP,0,739
QSQPQAFP,0,780
MAP,1,25
FFVAPFPEVFGK,0,455
SEPKAIP,0,710
FKGRYYP,1,19
VGGPR,0,1004
IRY,1,21
TKTGRSAHVLSRYRPRA,1,81
GQY,0,403
KVLPVP,1,128
KYPVQPFTESQSLTL,0,480
IIY,1,32
FGK,0,560
PYKW,1,236
AIPP,0,814
NPP,0,641
ALPHA,1,204
KGP,0,571
RDMPIQAF,0,596
WHHT,0,511
VSGAGRY,1,185
VRGPFPIIV,0,693
HPFAQ,0,719
LKIPLY,1,138
IVR,1,244
YGG,0,899
LLHSPP,0,601
DVITGA,0,815
VWP,1,121
VHLAP,1,120
MYY,1,199
GKEIIVKAER,0,433
KR,0,689
RPR,0,691
VKAGF,0,467
TVYTKGRVMP,1,363
SG,0,893
MAW,1,261
DVPPYM,0,746
AMQS,0,910
FY,1,310
KLRP,0,478
AHEPVK,0,426
YA,0,717
QIGLF,0,449
IYPSFQPQPLIYP,1,172
IVRDPNGMGAW,1,115
VRGP,0,519
PAGPR,0,973
LEK,0,800
TK,0,850
VAKLEK,0,496
KVGTKCCAKP,1,331
HLFGPPGKKDPV,0,525
LTDLENLHLP,0,964
GGFIE,0,928
RPKHPIKHQ,0,999
YKWL,1,390
QVGP,0,563
AYIASKGL,1,350
LVVYPWTQ,1,225
FFGVRCVSP,1,16
MIFPGGPQL,1,297
PSFQP,0,444
KFHSGIQSEPKAIP,0,949
YQKFPQYLQY,1,222
PVGLVQPASATLYDY,1,276
AL,0,909
YVVFK,1,382
GVDNPGHPF,0,933
YINQMPQKSREA,1,186
ASYDTKF,0,818
HLL,0,414
WLAHK,0,456
IPAQK,0,622
ALAFQ,0,567
KP,1,291
FG,0,876
AEL,0,412
YYPQIMQY,1,307
RVR,0,733
SVAKL,0,816
GAPGLPGP,1,329
IVVE,0,656
YR,0,584
QVPQPIP,0,769
LTFPG,0,965
KALPMHIRLAF,1,220
IWHHT,1,141
PTHIKWG,1,173
TKY,1,71
IITNW,1,339
FC,0,723
IAYKP,1,84
RIY,1,325
LNNSRAP,0,504
SKVYPFPGPI,0,849
KGYGGVSLPEW,1,23
GA,0,856
AGSS,0,773
LHLPAP,1,145
WIR,0,475
ITTNP,0,737
NCW,1,353
IF,0,823
KWL,1,380
AAATP,0,492
SWVE,0,431
PFPEVFGK,0,505
WHP,1,124
AMNPP,0,649
FQ,0,891
SGIQSEPKAIP,0,768
VTVNPYKWLP,1,136
GPA,0,696
FKR,0,430
IPP,1,127
FEGTVFENG,0,925
YP,0,813
KLKFV,1,336
RPKHPIKH,0,811
VFER,0,554
STHGVW,1,277
LAY,1,104
INYWL,1,219
KG,0,873
QVVF,0,541
VVVPP,0,809
MRW,1,22
LIWKL,1,17
VIPEL,0,798
ILP,1,75
NG,0,900
GAW,0,610
AVV,0,435
IRA,1,155
QSEPKAIP,0,796
PHQIYP,1,333
PRHQG,0,408
IQSEPKAIP,0,742
VSGP,0,588
WG,0,788
EQGP,0,539
AFP,0,751
VPA,1,117
DDTGHDFEDTGEAM,1,200
RL,0,861
TKIVP,0,694
YLAGNQ,1,246
FNQ,0,676
YKW,1,238
IFL,1,384
FP,0,654
KAAAATP,1,314
LPPP,0,961
PYKLRP,1,212
HHTF,0,468
EVMAGNLYPG,1,85
PPHQIYP,1,292
ASL,0,500
YGLF,0,791
LEIVPK,0,955
GV,0,932
GIQSEPKAIP,0,708
LPLP,0,785
LIVTQ,1,3
GPR,0,931
IA,0,555
LENLHLP,0,956
ANPAVVRP,1,308
SLVYP,1,368
IAYKPAG,1,112
VIIF,1,188
SSIQSQPQAFT,0,828
IRAQQ,0,561
LRIPVA,1,14
IRW,1,20
KPVAAP,1,230
VHSSIQSQPQAFT,0,829
SQPQAFP,0,784
APGAGVY,1,47
AP,0,607
TVDQHQ,0,638
TG,0,897
VEV,0,516
AFKDEDTEEVPFR,0,461
MKP,1,11
FGG,0,466
INSQ,0,758
IQW,1,43
RIGLF,0,517
KAIP,0,660
DNLLN,0,609
VAHINVGK,1,165
LKPTPEGN,0,867
FVAPFPEVFG,0,766
KIEL,0,805
FYPEL,1,102
TGP,0,458
QNALIVRYTR,1,123
SLPQ,0,662
LQW,1,106
VW,1,78
TVQVTSTAV,0,1003
LGV,0,546
VAHINVWK,1,93
VPFGVG,0,664
KIHPFAQTQSLVYP,1,367
PKLPPVKK,0,670
GPIGPA,0,521
EKGP,0,531
GP,0,678
AV,0,685
GPPGPP,1,224
IFVPAF,1,92
ENLLRF,0,465
PNSHP,0,979
DIGYY,1,91
YNK,0,527
PADIKWGD,1,286
KDYRL,1,318
FGASTRGA,1,248
IY,1,98
VAV,0,623
GFPGTPGLPGF,0,713
PKAIP,0,580
TGLKP,0,400
IIP,0,462
MFDL,1,1
PER,0,975
LIYP,1,206
LSGNK,0,533
GPFPILV,0,706
ENGLPVHLDQSIFRR,0,576
AQL,0,413
LDAQSAPLR,0,765
VPQPIP,0,640
VPKVK,0,566
GAAELPCSADWW,1,31
YYAKPAAVR,1,391
HKEMPFPKY,0,939
YV,0,757
HFEAMR,0,585
LIVT,1,4
AA,0,399
TDQHQDKIYP,0,690
NY,1,346
IFENLQN,0,943
YPFPGPIPN,1,254
DYG,0,868
AGTTCLFTPLALPYDYSH,1,178
FHSGIQSEPKAIP,0,732
DTGP,0,915
PPL,0,982
SVAKLEK,0,464
SPYP,0,806
KRVIQY,1,148
SNIP,0,605
AKYSY,1,40
GPK,0,673
AW,1,357
VIP,1,195
AQQLAAQLPAMCR,0,437
WTFR,0,889
VG,0,886
NNVMLQW,1,370
AMK,0,484
LYP,1,163
DKIHPF,0,913
MIFPGAGGPEL,1,319
WPERPPQIP,1,300
GF,0,762
TNW,0,422
FCVL,1,279
LENLHLPLP,0,470
FW,1,143
YPK,1,302
DA,0,879
VKCFR,1,349
PTFIAW,0,983
FCVLRP,1,229
YALPHA,1,203
TLKYP,0,570
PLW,1,355
MPF,1,267
YK,0,753
IR,0,778
LKIPVA,1,147
YAEER,0,1015
ESAGIH,0,684
LDY,1,149
AKF,1,158
LKPMN,1,202
GKKIATYQER,1,59
HQDF,0,941
KVAGPK,0,650
IVQ,0,487
IGGSI,0,944
TPVVVPPFLQP,0,794
FALPQY,1,113
VECYGPNRPQF,1,330
DL,0,855
HLPPPV,0,940
YW,1,180
GPAGAP,1,181
TNP,0,821
WYSLA,0,471
LSSGDVF,0,963
QAFT,0,827
LKYPI,1,320
EGEPR,0,787
HNW,0,528
RLPSEFDLSAFLRA,0,402
RADHPF,0,992
GVQGPM,0,792
GEGGP,0,618
VPPAK,0,1010
SKVPP,0,448
IW,1,60
PTHIK,0,729
VR,0,490
MVGSAPGVL,1,87
GLY,1,191
GPCSR,0,423
YTAGV,1,322
LALPP,0,797
RDILNQ,0,712
LGALPF,0,866
DW,1,232
ERKIKVYL,1,34
RHQG,0,661
VAND,0,702
LVRT,0,862
YPER,0,536
ITF,0,759
LPF,1,216
PKHP,0,783
ADHP,0,906
QPQPLIYP,1,108
LHLPLP,1,99
IKPVQ,1,347
PLPLL,0,716
IDALNENK,0,440
KLSDW,0,953
FRAHPFL,1,89
YYAPFE,0,878
VLGPVRGPFPIIV,0,1007
IGSENSEKTTMP,0,398
GL,0,863
VQ,0,845
VSV,1,7
IPAVFK,0,545
TLS,0,499
PTHIKWD,1,362
MK,0,888
PTHIKW,1,226
IFY,1,241
