sequence,label
MDFLI,1
MFDL,1
MDLA,1
LIVTQ,1
LIVT,1
MILLLFR,1
VYRT,1
VSV,1
IKW,1
LRW,1
LRP,1
MKP,1
LKP,1
VVYPW,1
LRIPVA,1
PTHIAW,1
FFGVRCVSP,1
LIWKL,1
IVY,1
FKGRYYP,1
IRW,1
IRY,1
MRW,1
KGYGGVSLPEW,1
RYLGY,1
MAP,1
LIY,1
TYLGS,1
VLRP,1
PTHIKWGD,1
VHW,1
GAAELPCSADWW,1
IIY,1
VVGAK,1
ERKIKVYL,1
VRF,1
CFCTKPC,1
FL,1
IRPVQ,1
SKVYP,1
AKYSY,1
PTHVAW,1
GVYPHK,1
IQW,1
LHP,1
KW,1
AFKAWAVAR,1
APGAGVY,1
IKP,1
FQPQPLIYP,1
IMY,1
IRP,1
LHLPLR,1
FFYY,1
GKKVLQ,1
LHLPGP,1
CF,1
LAPSLPGKPKPD,1
DGVVYY,1
GKKIATYQER,1
IW,1
KKIATYQER,1
TVPY,1
VAP,1
MRWRD,1
FQKVVAK,1
DP,1
FSY,1
LQP,1
VRP,1
LHLPYP,1
TKY,1
TYCQ,1
LKPNM,1
PYVRYL,1
ILP,1
IWHHTF,1
PRY,1
VW,1
LTF,1
FHERDPTHIKWGD,1
TKTGRSAHVLSRYRPRA,1
VADVYVGK,1
VAW,1
IAYKP,1
EVMAGNLYPG,1
PQPLIYP,1
MVGSAPGVL,1
FRADHPFL,1
FRAHPFL,1
ITMIAPSAF,1
DIGYY,1
IFVPAF,1
VAHINVWK,1
IWH,1
LAP,1
QPLIYP,1
VVYPWTQ,1
IY,1
LHLPLP,1
VKP,1
ISHIYVWK,1
FYPEL,1
IFVPA,1
LAY,1
DELQDKIHPFAQTQSLVYPFPGPIPNS,1
LQW,1
PNRIKYGD,1
QPQPLIYP,1
GVGAGY,1
VVCVPW,1
LRPVAA,1
IAYKPAG,1
FALPQY,1
FALPQYLK,1
IVRDPNGMGAW,1
PLIYP,1
VPA,1
FVPAF,1
LYPVK,1
VHLAP,1
VWP,1
VYPHK,1
QNALIVRYTR,1
WHP,1
YPSFQPQPLIYP,1
LGFPTTKTYFPHF,1
IPP,1
KVLPVP,1
KWLP,1
LRY,1
LLLAHLL,1
VELYP,1
LVYPFPGPIPNSLPQNIPP,1
MLPVY,1
PYKWLP,1
VTVNPYKWLP,1
VVYPWTQRF,1
LKIPLY,1
VLPF,1
FQKVVA,1
IWHHT,1
LVY,1
FW,1
FFVAP,1
LHLPAP,1
VVYPWT,1
LKIPVA,1
KRVIQY,1
LDY,1
VYAP,1
FFGRCVSP,1
FGRCVSP,1
IVGRPRHQG,1
RADHPFL,1
IRA,1
LY,1
KLYMRP,1
AKF,1
AWW,1
AYFYPEL,1
AYFYPELF,1
VDF,1
LYP,1
GKMVKVVSWY,1
VAHINVGK,1
CVL,1
LW,1
FNF,1
FRC,1
MKY,1
FQKVVAG,1
IYPSFQPQPLIYP,1
PTHIKWG,1
YANPAVVRP,1
HERDPTHIKWGD,1
KKPTHIKWGD,1
SAPLRVY,1
AGTTCLFTPLALPYDYSH,1
SVY,1
YW,1
GPAGAP,1
IYPRY,1
LKA,1
KIYPSFQPQPLIYP,1
VSGAGRY,1
YINQMPQKSREA,1
MIPAY,1
VIIF,1
VQV,1
IPF,1
GLY,1
LHLWLP,1
VPP,1
VWDPPKFD,1
VIP,1
VWY,1
LLNPPHQIYP,1
LPP,1
MYY,1
DDTGHDFEDTGEAM,1
MLPAY,1
LKPMN,1
YALPHA,1
ALPHA,1
IYPR,1
LIYP,1
VSP,1
WL,1
WQVLPNAVPAK,1
FVP,1
LKY,1
PYKLRP,1
LHPGDAQR,1
GPPGTDGAP,1
RY,1
LPF,1
FEDYVPLSCF,1
FCF,1
INYWL,1
KALPMHIRLAF,1
LKVGVKQY,1
YQKFPQYLQY,1
GDLGKTTTVSNWSPPKYKDTP,1
GPPGPP,1
LVVYPWTQ,1
PTHIKW,1
DAQSAPLRVY,1
LVL,1
FCVLRP,1
KPVAAP,1
VK,1
DW,1
KY,1
PTHIDW,1
VAA,1
PYKW,1
VDSDVVKG,1
YKW,1
KLPAGTLF,1
VTPALR,1
IFY,1
FPQYLQY,1
IVGRRRHQG,1
IVR,1
LVR,1
YLAGNQ,1
YQNPRLGPTGELDPATQPIVAVHNPVIV,1
FGASTRGA,1
VIY,1
AVPYPQR,1
NIFYCP,1
NLHLPLPLL,1
TVY,1
YPFPGPIPN,1
IAK,1
PSY,1
VAY,1
YGGVSLPEW,1
YLYEIAR,1
APGAPGPVG,1
MAW,1
YKLRP,1
YPR,1
YKWLP,1
YPRY,1
LIPPGVPY,1
MPF,1
PAVVRP,1
AFVGYVLP,1
FYN,1
TQVY,1
AWPF,1
FWN,1
LHLYLP,1
IHPFAQTQSLVYP,1
PVGLVQPASATLYDY,1
STHGVW,1
KAAAAP,1
FCVL,1
AKYCY,1
RVPSL,1
YQKFPQY,1
LVPFGW,1
KVLILA,1
LLYQQPVLGPVRGPFPIIV,1
PADIKWGD,1
VPPLYPN,1
VSRHFASYAN,1
YNKL,1
WPEAAELMMEVDP,1
KP,1
PPHQIYP,1
VVY,1
VY,1
YKVPQL,1
CWLPVY,1
MIFPGGPQL,1
VTGRFAGHPAAQ,1
QVSLNSGYY,1
WPERPPQIP,1
VSW,1
YPK,1
MKG,1
VRYL,1
YPLDLF,1
MLLCS,1
YYPQIMQY,1
ANPAVVRP,1
FAQTQSLVYP,1
FY,1
FYQQ,1
LNPPHQIYP,1
DKVGINYW,1
KAAAATP,1
WVPSVY,1
HPFAQTQSLVYP,1
KRQKYDI,1
KDYRL,1
MIFPGAGGPEL,1
LKYPI,1
GYALPHA,1
YTAGV,1
LVYPFTGPIPN,1
KF,1
RIY,1
VKKVLGNP,1
LPYPY,1
VMP,1
GAPGLPGP,1
VECYGPNRPQF,1
KVGTKCCAKP,1
KVLAGM,1
PHQIYP,1
VWIS,1
TVGMTAKF,1
KLKFV,1
DPYKLRP,1
VLY,1
IITNW,1
IRPV,1
PANIKWGD,1
KA,1
VAWKL,1
GFYPPP,1
VLAQYK,1
NY,1
IKPVQ,1
IKY,1
VKCFR,1
AYIASKGL,1
CVTPALR,1
VVF,1
NCW,1
LLMLDNDLPP,1
PLW,1
VLPYP,1
AW,1
VLSRYP,1
FFL,1
GPAGAPGAA,1
NPPHQIYP,1
PTHIKWD,1
TVYTKGRVMP,1
PTHIKWN,1
WY,1
VMDKPQG,1
KIHPFAQTQSLVYP,1
SLVYP,1
HLPLP,1
NNVMLQW,1
QSLVYP,1
SPRCR,1
YLGY,1
IYLL,1
ALPMHIR,1
IKPLDY,1
IKPLNY,1
IPALLKR,1
YKY,1
KWL,1
YH,1
YVVFK,1
DFY,1
IFL,1
KFY,1
GAPGPAGPGGIPGERG,1
GMKCAF,1
WHHTF,1
KAPVA,1
YKWL,1
YYAKPAAVR,1
HIKWGD,1
THIKWGD,1
NLHLPLP,0
YN,0
YPLDL,0
MGP,0
IGSENSEKTTMP,0
AA,0
TGLKP,0
AH,0
RLPSEFDLSAFLRA,0
GQY,0
GIL,0
LASPTM,0
IL,0
NENLLRFFVAPFPEVFG,0
PRHQG,0
WYSLAM,0
LLP,0
VSLPEW,0
AEL,0
AQL,0
HLL,0
VKK,0
WYSLAMA,0
HQAAGW,0
NMAINPSK,0
RPP,0
GLPGSRGERGLPG,0
RS,0
TNW,0
GPCSR,0
GTEKC,0
RGY,0
AHEPVK,0
IGDEPLANYL,0
IIAEK,0
AFL,0
FKR,0
SWVE,0
GLTSK,0
GKEIIVKAER,0
MNP,0
AVV,0
KPGRP,0
AQQLAAQLPAMCR,0
LAIPVNKP,0
TNGIIR,0
IDALNENK,0
GVHHA,0
IETWNPNNQ,0
IELPLG,0
PSFQP,0
QTQSLVYP,0
TPTQQS,0
AVVRP,0
SKVPP,0
QIGLF,0
QLLLQQ,0
MCESASSK,0
VYAPFE,0
AQTQSLVYP,0
SWSF,0
FFVAPFPEVFGK,0
WLAHK,0
SGP,0
TGP,0
AVPYP,0
CRQNTLGHNTQTSIAQ,0
AFKDEDTEEVPFR,0
IIP,0
VVRP,0
SVAKLEK,0
ENLLRF,0
FGG,0
VKAGF,0
HHTF,0
PDLVF,0
LENLHLPLP,0
WYSLA,0
PAP,0
RGLSK,0
NKL,0
WIR,0
MTEEY,0
GILRP,0
KLRP,0
RPK,0
KYPVQPFTESQSLTL,0
RF,0
SKVLPVPE,0
PLFPK,0
AMK,0
GFR,0
PGPLGLTGP,0
IVQ,0
AR,0
VVGP,0
VR,0
GAGP,0
AAATP,0
LEE,0
LQQ,0
PAQK,0
VAKLEK,0
LEPP,0
VFKAF,0
TLS,0
ASL,0
PKIDAMREKVLA,0
IEW,0
AYFTPE,0
LNNSRAP,0
PFPEVFGK,0
HQIYP,0
PQTLALP,0
PRVF,0
PVPQP,0
VWIG,0
WHHT,0
DKIHP,0
FSDKIAK,0
GEGSGA,0
GW,0
VEV,0
RIGLF,0
VM,0
VRGP,0
GHG,0
GPIGPA,0
GPIGPP,0
GPVGPA,0
GPVGPP,0
HLFGPPGKKDPV,0
LVPP,0
YNK,0
HNW,0
VEGY,0
PSSNK,0
EKGP,0
SF,0
LSGNK,0
LTGP,0
KIHPFAQAQ,0
YPER,0
VTR,0
EPVLGPVRGPFP,0
EQGP,0
FPEVFGK,0
QVVF,0
PRKEKLCTTS,0
DLTDY,0
PFP,0
IPAVFK,0
LGV,0
GPPGAIGP,0
QLGFLGPR,0
DLGP,0
QGP,0
TD,0
NKGPR,0
MA,0
VFER,0
IA,0
IAV,0
ENLHLPLP,0
DILN,0
LR,0
FGK,0
IRAQQ,0
LTQTPVVVPP,0
QVGP,0
GR,0
DAGP,0
VPKVK,0
ALAFQ,0
RPQIPP,0
QSGP,0
TLKYP,0
KGP,0
NIPPLTQTPV,0
VIEKYP,0
VIKP,0
KFAWPQ,0
ENGLPVHLDQSIFRR,0
ENGLPVHLDQSIFRRP,0
EPIPYGFLP,0
PVPP,0
PKAIP,0
ENGLPVHLDQSIFR,0
GLYP,0
APER,0
YR,0
HFEAMR,0
DIGP,0
QIGP,0
VSGP,0
PAPPK,0
VHLPPP,0
YVP,0
TPCPPQ,0
ERYL,0
LSMGSASLSP,0
PVNNPQIH,0
RDMPIQAF,0
AIYK,0
WT,0
ALNEINQFY,0
PYP,0
LLHSPP,0
GVPKVKETMVPKH,0
AF,0
RYLG,0
SNIP,0
SALAM,0
AP,0
LGECGGR,0
DNLLN,0
GAW,0
ASP,0
NSWVE,0
VPSERYL,0
SY,0
ENLLRFFVAPFPEVFG,0
LT,0
PSNPP,0
GEGGP,0
APP,0
RADHP,0
DTW,0
IPAQK,0
VAV,0
YGFLP,0
ALNEINQFYQK,0
FK,0
KVLPG,0
RR,0
GVW,0
HDHM,0
WA,0
GPSMR,0
ALPP,0
LNENLLRFFVAPFPEVFG,0
SHP,0
YQEPVL,0
VVPP,0
TVDQHQ,0
TP,0
VPQPIP,0
NPP,0
VYPFPGPI,0
IVGRPR,0
LNVPGEIVE,0
PQAFP,0
RPVQ,0
YQEPVLQPVR,0
STYQT,0
AMNPP,0
KVAGPK,0
LLRH,0
QLGP,0
LNPA,0
FP,0
LSPA,0
IVVE,0
YQEP,0
TGPIPN,0
APSAK,0
KAIP,0
RHQG,0
SLPQ,0
NLAG,0
VPFGVG,0
PL,0
FNE,0
PQPIP,0
QLLKLK,0
PSGQYY,0
PKLPPVKK,0
LF,0
GKP,0
GPK,0
SQPK,0
RMLGQ,0
FNQ,0
DF,0
GP,0
GQVPP,0
ACHP,0
VAPFPEVF,0
VLVPK,0
LKLP,0
ESAGIH,0
AV,0
GVPKVKETMVPK,0
LMGP,0
EPKAIP,0
KR,0
TDQHQDKIYP,0
RPR,0
FDK,0
VRGPFPIIV,0
TKIVP,0
TKVIP,0
GPA,0
EAP,0
GY,0
YGL,0
LHLP,0
PFFDPQIP,0
VAND,0
YS,0
NLHLP,0
EMPFPK,0
GPFPILV,0
YTVF,0
GIQSEPKAIP,0
PLP,0
SEPKAIP,0
IPAIN,0
RDILNQ,0
GFPGTPGLPGF,0
PQNILP,0
TCSP,0
PLPLL,0
YA,0
GTW,0
HPFAQ,0
GRPR,0
IAIP,0
FVAPFPEV,0
FC,0
TGGGNV,0
AKLEK,0
GHS,0
KLP,0
LQSW,0
PTHIK,0
YPFPGPIP,0
PPEIN,0
FHSGIQSEPKAIP,0
RVR,0
AGS,0
VAGTW,0
MM,0
ITTNP,0
EKERERQ,0
AGP,0
NILP,0
SIQSQPQAFP,0
IQSEPKAIP,0
AMKPW,0
AMPKPW,0
GLDIQK,0
DVPPYM,0
PIW,0
QP,0
DM,0
IAIPP,0
AFP,0
QPQAFP,0
YK,0
LAHKAL,0
APVPP,0
WVPSV,0
YV,0
INSQ,0
ITF,0
LGI,0
YQ,0
GF,0
IQSQPQAFP,0
YE,0
LDAQSAPLR,0
FVAPFPEVFG,0
RALP,0
SGIQSEPKAIP,0
QVPQPIP,0
ER,0
AIP,0
TTN,0
AGSS,0
ITT,0
YY,0
LLMPK,0
IPQEVLP,0
IR,0
PQR,0
QSQPQAFP,0
VRK,0
VPSERY,0
PKHP,0
SQPQAFP,0
LPLP,0
YQEPVLGP,0
EGEPR,0
WG,0
EDENNPFYLR,0
GLG,0
YGLF,0
GVQGPM,0
HQG,0
TPVVVPPFLQP,0
TPWVPPFLQP,0
QSEPKAIP,0
LALPP,0
VIPEL,0
HHT,0
LEK,0
NK,0
TFPHGP,0
AHHP,0
KDERF,0
KIEL,0
SPYP,0
QPIP,0
YSQQQQ,0
VVVPP,0
WNPR,0
RPKHPIKH,0
QK,0
YP,0
AIPP,0
DVITGA,0
SVAKL,0
PQEVLP,0
ASYDTKF,0
ALPM,0
MNPPK,0
TNP,0
VLDTDYK,0
IF,0
HIR,0
ASGPINFT,0
KVHSSIQSQPQAFT,0
QAFT,0
SSIQSQPQAFT,0
VHSSIQSQPQAFT,0
RML,0
LAMA,0
RLSGQTIEVTSEYLFRH,0
LEGR,0
GHF,0
GHP,0
HIRL,0
GS,0
EP,0
IG,0
RG,0
KDVPP,0
HPIKH,0
LALR,0
GI,0
VQ,0
AVF,0
GM,0
YG,0
SKVYPFPGPI,0
TK,0
HWTTQR,0
ALPH,0
AQK,0
FDART,0
DL,0
GA,0
VRSP,0
SVAKLE,0
NP,0
PYK,0
RL,0
LVRT,0
GL,0
AG,0
GVYPH,0
LGALPF,0
LKPTPEGN,0
DYG,0
LVNDLVTPVFDNL,0
YYA,0
GH,0
VYNEGLPAP,0
KG,0
AI,0
TTENVLFG,0
FG,0
TQPKTNAIPY,0
YYAPFE,0
DA,0
MAIPPKK,0
MG,0
VLPIPQ,0
GE,0
GT,0
HG,0
VG,0
ALEP,0
MK,0
WTFR,0
GQ,0
FQ,0
QG,0
SG,0
GG,0
LG,0
GD,0
TG,0
EG,0
YGG,0
NG,0
PG,0
VVG,0
VAE,0
YQIGL,0
AAATPL,0
ADHP,0
AGLAPY,0
AGLP,0
AL,0
AMQS,0
ASYDTKFE,0
AYPS,0
DKIHPF,0
DLQGK,0
DTGP,0
EAPPK,0
EEYPDL,0
EK,0
ELIN,0
ENLHLP,0
EPR,0
ESI,0
ESIINF,0
EVLP,0
FEGTVFENG,0
FVEPIP,0
GGDDL,0
GGFIE,0
GGLEPI,0
GNGGA,0
GPR,0
GV,0
GVDNPGHPF,0
HA,0
HAEIN,0
HANENIF,0
HIK,0
HIKW,0
HKEMPFPKY,0
HLPPPV,0
HQDF,0
HSGIQSEPKAIP,0
IFENLQN,0
IGGSI,0
IIPLEN,0
INDPF,0
KAEEEYPDL,0
KDQGSYEDF,0
KFHSGIQSEPKAIP,0
KGLWE,0
KHQDFF,0
KLEK,0
KLSDW,0
KTEIPTIN,0
LEIVPK,0
LENLHLP,0
LK,0
LLNP,0
LNSLT,0
LNVVGETVE,0
LPPP,0
LPPPVH,0
LSSGDVF,0
LTDLENLHLP,0
LTFPG,0
MMVPI,0
NAGPFTPTVNREQLSTS,0
NF,0
NIIPA,0
NKPGDML,0
NVR,0
PAAPPK,0
PAGPR,0
PAGPVG,0
PER,0
PFPE,0
PGR,0
PHA,0
PNSHP,0
PP,0
PPK,0
PPL,0
PTFIAW,0
PTPVP,0
PVQ,0
QAFP,0
QDNSRYTHFLTQHYDAFPQGR,0
QEVLP,0
QNILP,0
QSLTL,0
QVTSTAV,0
RADHPF,0
RELEEL,0
RELKDL,0
RINK,0
RINKK,0
RPKH,0
RPKHPI,0
RPKHPIKHQ,0
SAGPM,0
TGPIPNSLPQ,0
TPSPR,0
TVQVTSTAV,0
VGGPR,0
VGPR,0
VIGSPPEIN,0
VLGPVRGPFPIIV,0
VLLPDEVSGL,0
VLPEI,0
VPPAK,0
VPQP,0
VQVTSTAV,0
VVVPPF,0
WIHNENQGF,0
YAEER,0
YPF,0
YPGIA,0
YPIL,0
YRGGLEPINF,0
